id,classe,vizinho_mais_proximo,classe_vizinho,distancia,mesma_classe
capc_000,capc,normal_070,normal,39.69074220369895,False
capc_001,capc,normal_094,normal,42.14580391883692,False
capc_002,capc,normal_089,normal,35.82951841239323,False
capc_003,capc,normal_079,normal,38.33139208809088,False
capc_004,capc,capc_089,capc,73.28731820573545,True
capc_005,capc,normal_069,normal,42.086383525546196,False
capc_006,capc,normal_088,normal,42.36817910420474,False
capc_007,capc,normal_036,normal,37.706148492362175,False
capc_008,capc,notch_047,notch,63.21474871031003,False
capc_009,capc,normal_088,normal,34.714043743254116,False
capc_010,capc,notch_071,notch,49.90027032121,False
capc_011,capc,normal_078,normal,37.33076464918932,False
capc_012,capc,normal_093,normal,30.82228306803857,False
capc_013,capc,notch_083,notch,40.546703712289,False
capc_014,capc,normal_093,normal,40.054009544269825,False
capc_015,capc,normal_072,normal,37.36924415747002,False
capc_016,capc,normal_087,normal,40.81790812705902,False
capc_017,capc,normal_068,normal,38.31635866580496,False
capc_018,capc,capc_063,capc,36.10049414027976,True
capc_019,capc,normal_086,normal,41.35309122909455,False
capc_020,capc,normal_076,normal,38.504487878646536,False
capc_021,capc,normal_083,normal,43.852029033373114,False
capc_022,capc,normal_075,normal,37.063685600136914,False
capc_023,capc,notch_058,notch,65.6927061250144,False
capc_024,capc,normal_073,normal,57.03541718778014,False
capc_025,capc,normal_067,normal,30.948604777054594,False
capc_026,capc,capc_056,capc,41.96784890501998,True
capc_027,capc,normal_083,normal,48.63450617775746,False
capc_028,capc,normal_040,normal,42.85352036463727,False
capc_029,capc,normal_099,normal,44.911315419154406,False
capc_030,capc,normal_071,normal,32.46964668707589,False
capc_031,capc,notch_071,notch,50.52949059496878,False
capc_032,capc,normal_072,normal,39.69945708178845,False
capc_033,capc,normal_096,normal,51.65742571245386,False
capc_034,capc,normal_089,normal,35.39876333827457,False
capc_035,capc,normal_095,normal,22.96217059769283,False
capc_036,capc,normal_090,normal,23.192780567054474,False
capc_037,capc,normal_084,normal,34.9368843041028,False
capc_038,capc,normal_091,normal,23.21661343428878,False
capc_039,capc,notch_078,notch,51.718596242462034,False
capc_040,capc,normal_072,normal,25.333478299279193,False
capc_041,capc,normal_082,normal,30.76826657144862,False
capc_042,capc,normal_075,normal,31.65558558371672,False
capc_043,capc,normal_079,normal,47.972630794611376,False
capc_044,capc,normal_082,normal,30.696450416582785,False
capc_045,capc,normal_074,normal,32.40784753050658,False
capc_046,capc,normal_075,normal,23.18206529682449,False
capc_047,capc,normal_079,normal,30.02158249660261,False
capc_048,capc,notch_091,notch,39.119095309826776,False
capc_049,capc,normal_087,normal,57.442329933660496,False
capc_050,capc,normal_090,normal,46.980297545097095,False
capc_051,capc,normal_067,normal,25.228797797707074,False
capc_052,capc,normal_067,normal,27.575947925964037,False
capc_053,capc,normal_085,normal,34.96018833246211,False
capc_054,capc,normal_087,normal,27.27819647183674,False
capc_055,capc,notch_087,notch,31.131143757244615,False
capc_056,capc,normal_087,normal,37.658056321057536,False
capc_057,capc,notch_067,notch,53.59905541204084,False
capc_058,capc,normal_090,normal,31.366585032676124,False
capc_059,capc,capc_062,capc,38.53623752266987,True
capc_060,capc,normal_091,normal,25.22708852765485,False
capc_061,capc,normal_067,normal,44.1052247985656,False
capc_062,capc,capc_059,capc,38.53623752266987,True
capc_063,capc,normal_088,normal,28.441217543330705,False
capc_064,capc,notch_080,notch,53.8578781388027,False
capc_065,capc,notch_086,notch,56.911447464428626,False
capc_066,capc,normal_081,normal,21.34078201020614,False
capc_067,capc,normal_085,normal,21.105654339164918,False
capc_068,capc,normal_095,normal,33.03217251448799,False
capc_069,capc,normal_080,normal,29.51105352921263,False
capc_070,capc,normal_081,normal,36.11550409696765,False
capc_071,capc,normal_091,normal,26.668574977361306,False
capc_072,capc,normal_085,normal,51.40099979229271,False
capc_073,capc,normal_091,normal,24.499973411387426,False
capc_074,capc,normal_075,normal,27.15167597995613,False
capc_075,capc,normal_088,normal,36.460824476776615,False
capc_076,capc,normal_074,normal,17.948018970444767,False
capc_077,capc,normal_081,normal,25.13164845775681,False
capc_078,capc,normal_082,normal,29.200056374149415,False
capc_079,capc,notch_097,notch,50.045670273810316,False
capc_080,capc,normal_072,normal,48.45423520332035,False
capc_081,capc,notch_058,notch,53.80041705245905,False
capc_082,capc,normal_088,normal,45.01449963591984,False
capc_083,capc,normal_094,normal,41.33725002071336,False
capc_084,capc,normal_085,normal,21.361013586444432,False
capc_085,capc,normal_080,normal,26.278132416495797,False
capc_086,capc,normal_093,normal,23.218155232676207,False
capc_087,capc,normal_085,normal,42.92892092076417,False
capc_088,capc,normal_095,normal,53.833940868415844,False
capc_089,capc,capc_004,capc,73.28731820573545,True
capc_090,capc,normal_091,normal,47.3128412354418,False
capc_091,capc,normal_081,normal,28.32706297524375,False
capc_092,capc,notch_050,notch,48.54883097764703,False
capc_093,capc,capc_074,capc,27.326604560071303,True
capc_094,capc,normal_082,normal,37.9156778569284,False
capc_095,capc,notch_040,notch,35.40821906085522,False
capc_096,capc,notch_058,notch,62.93862559798177,False
capc_097,capc,normal_085,normal,39.531410992150896,False
capc_098,capc,normal_080,normal,20.355390994706404,False
capc_099,capc,notch_070,notch,50.34654917371706,False
har_000,har,har_087,har,28.006428609553595,True
har_001,har,har_093,har,28.672273963312293,True
har_002,har,har_095,har,27.305964596774892,True
har_003,har,har_077,har,26.126618937457497,True
har_004,har,har_089,har,28.284780396479224,True
har_005,har,har_066,har,27.525314082377157,True
har_006,har,har_056,har,31.12296521315461,True
har_007,har,har_072,har,24.836143488445046,True
har_008,har,har_077,har,25.378299500438413,True
har_009,har,har_095,har,25.98638558239682,True
har_010,har,har_036,har,28.18058702865377,True
har_011,har,har_080,har,26.295376975403062,True
har_012,har,har_072,har,25.37495308478419,True
har_013,har,har_074,har,25.832668843030593,True
har_014,har,har_082,har,26.742642885291783,True
har_015,har,har_039,har,27.790988999830308,True
har_016,har,har_082,har,29.997950919654656,True
har_017,har,har_095,har,25.823170499397175,True
har_018,har,har_095,har,27.439878044103825,True
har_019,har,har_044,har,25.49239241993314,True
har_020,har,har_082,har,27.125467701872285,True
har_021,har,har_099,har,28.626720704130708,True
har_022,har,har_074,har,28.4750200101052,True
har_023,har,har_094,har,28.418039615189894,True
har_024,har,har_080,har,27.27476820687932,True
har_025,har,har_072,har,25.831270538867987,True
har_026,har,har_099,har,26.09201176648582,True
har_027,har,har_070,har,27.72416757612722,True
har_028,har,har_099,har,27.023823773164057,True
har_029,har,har_072,har,24.651249325889143,True
har_030,har,har_080,har,27.798390876853805,True
har_031,har,har_099,har,27.907547166383615,True
har_032,har,har_087,har,25.723777914766547,True
har_033,har,har_077,har,26.255355651843395,True
har_034,har,har_075,har,11.60971041711716,True
har_035,har,har_072,har,10.475897267277176,True
har_036,har,har_099,har,12.000606262850166,True
har_037,har,har_098,har,11.398728370237697,True
har_038,har,har_097,har,10.709781129492121,True
har_039,har,har_082,har,12.400966667451472,True
har_040,har,har_091,har,12.104331388025436,True
har_041,har,har_095,har,11.206629748468044,True
har_042,har,har_074,har,10.65398231006209,True
har_043,har,har_081,har,13.430051175163214,True
har_044,har,har_089,har,10.895425050785915,True
har_045,har,har_087,har,15.27791623266113,True
har_046,har,har_080,har,10.187495279763073,True
har_047,har,har_099,har,12.695080820848018,True
har_048,har,har_072,har,10.12728930864429,True
har_049,har,har_091,har,10.271355366369985,True
har_050,har,har_077,har,10.07724906902022,True
har_051,har,har_099,har,12.06705900975382,True
har_052,har,har_062,har,12.725137822513053,True
har_053,har,har_074,har,11.026403313004266,True
har_054,har,har_080,har,12.78275382295925,True
har_055,har,har_099,har,11.869552869890132,True
har_056,har,har_070,har,25.880935215395056,True
har_057,har,har_080,har,12.11093594534291,True
har_058,har,har_078,har,11.407332808279905,True
har_059,har,har_090,har,13.821203788669603,True
har_060,har,har_047,har,14.682138920674014,True
har_061,har,har_052,har,14.304384402649141,True
har_062,har,har_052,har,12.725137822513053,True
har_063,har,har_088,har,9.905929149631838,True
har_064,har,har_096,har,12.596672820878537,True
har_065,har,har_096,har,11.578490549570445,True
har_066,har,har_051,har,15.847560342519458,True
har_067,har,har_088,har,4.769108358807858,True
har_068,har,har_090,har,11.05004755194223,True
har_069,har,har_093,har,9.883928453758031,True
har_070,har,har_039,har,14.98615100673277,True
har_071,har,har_077,har,8.909787107274502,True
har_072,har,har_096,har,4.970672563641371,True
har_073,har,har_077,har,8.235687966017366,True
har_074,har,har_094,har,9.46608280460909,True
har_075,har,har_077,har,9.66250541381632,True
har_076,har,har_069,har,10.050823379343662,True
har_077,har,har_073,har,8.235687966017366,True
har_078,har,har_094,har,4.466518265861976,True
har_079,har,har_056,har,30.1472934579199,True
har_080,har,har_071,har,9.702905663162731,True
har_081,har,har_080,har,11.446746578572832,True
har_082,har,har_039,har,12.400966667451472,True
har_083,har,har_074,har,10.13557098336882,True
har_084,har,har_080,har,12.179106246519561,True
har_085,har,har_097,har,13.719396057496972,True
har_086,har,har_088,har,5.262696369860816,True
har_087,har,har_078,har,8.246491785446551,True
har_088,har,har_067,har,4.769108358807858,True
har_089,har,har_098,har,9.439565965482805,True
har_090,har,har_068,har,11.05004755194223,True
har_091,har,har_049,har,10.271355366369985,True
har_092,har,har_044,har,11.029742157014212,True
har_093,har,har_069,har,9.883928453758031,True
har_094,har,har_078,har,4.466518265861976,True
har_095,har,har_088,har,7.466107190378793,True
har_096,har,har_072,har,4.970672563641371,True
har_097,har,har_038,har,10.709781129492121,True
har_098,har,har_072,har,5.789415146246288,True
har_099,har,har_074,har,11.126722592347212,True
normal_000,normal,normal_051,normal,29.108636641597467,True
normal_001,normal,normal_092,normal,26.383115301759634,True
normal_002,normal,normal_041,normal,25.45568138856069,True
normal_003,normal,normal_076,normal,24.32659601123763,True
normal_004,normal,normal_077,normal,25.55467599709919,True
normal_005,normal,normal_082,normal,27.007724488654578,True
normal_006,normal,normal_097,normal,25.145171973384134,True
normal_007,normal,normal_067,normal,27.36350237604824,True
normal_008,normal,normal_095,normal,24.19817800374139,True
normal_009,normal,normal_096,normal,25.992237456128805,True
normal_010,normal,normal_075,normal,24.192471131186277,True
normal_011,normal,normal_084,normal,23.87852044609159,True
normal_012,normal,normal_094,normal,27.888047359202798,True
normal_013,normal,normal_041,normal,26.895350904056176,True
normal_014,normal,normal_085,normal,26.218305798180698,True
normal_015,normal,normal_085,normal,28.663722607121763,True
normal_016,normal,normal_077,normal,25.158436095165108,True
normal_017,normal,normal_074,normal,27.263372762472123,True
normal_018,normal,normal_078,normal,25.500281676102347,True
normal_019,normal,normal_097,normal,26.24301636650064,True
normal_020,normal,normal_087,normal,26.88825425338362,True
normal_021,normal,normal_091,normal,25.483831101860236,True
normal_022,normal,normal_073,normal,27.10577995244941,True
normal_023,normal,normal_078,normal,27.85799808783703,True
normal_024,normal,normal_076,normal,27.873377409152997,True
normal_025,normal,normal_090,normal,26.814600507491967,True
normal_026,normal,normal_070,normal,25.14681246638346,True
normal_027,normal,normal_077,normal,26.073892028988347,True
normal_028,normal,normal_068,normal,26.97601778462988,True
normal_029,normal,normal_083,normal,25.683511005702158,True
normal_030,normal,normal_078,normal,24.600181819411482,True
normal_031,normal,normal_084,normal,26.03857080985206,True
normal_032,normal,normal_048,normal,25.752414372621125,True
normal_033,normal,normal_095,normal,25.517184915266245,True
normal_034,normal,normal_088,normal,8.45800539299817,True
normal_035,normal,normal_088,normal,8.472376701053783,True
normal_036,normal,normal_085,normal,7.775316321177705,True
normal_037,normal,normal_081,normal,8.616570936806204,True
normal_038,normal,normal_094,normal,8.542257785625742,True
normal_039,normal,normal_067,normal,8.232995728099995,True
normal_040,normal,normal_075,normal,8.71997954865315,True
normal_041,normal,normal_086,normal,8.576903438813979,True
normal_042,normal,normal_091,normal,9.134289724504685,True
normal_043,normal,normal_088,normal,8.935767470599721,True
normal_044,normal,normal_080,normal,9.29166413340566,True
normal_045,normal,normal_073,normal,8.463917367474954,True
normal_046,normal,normal_098,normal,8.706894460508607,True
normal_047,normal,normal_084,normal,8.34031737053952,True
normal_048,normal,normal_073,normal,8.413543434766684,True
normal_049,normal,normal_074,normal,7.8823485226841985,True
normal_050,normal,normal_085,normal,8.792398289379529,True
normal_051,normal,normal_078,normal,8.259730624950386,True
normal_052,normal,normal_083,normal,8.587885119497615,True
normal_053,normal,normal_070,normal,8.03871324450499,True
normal_054,normal,normal_072,normal,9.076648010017287,True
normal_055,normal,normal_096,normal,7.884242804245251,True
normal_056,normal,normal_088,normal,8.284625186207963,True
normal_057,normal,normal_096,normal,8.651090778219011,True
normal_058,normal,normal_089,normal,9.356618217650025,True
normal_059,normal,normal_085,normal,8.699950619055588,True
normal_060,normal,normal_075,normal,8.728531231427294,True
normal_061,normal,normal_087,normal,8.52947956168714,True
normal_062,normal,normal_085,normal,8.131026768044832,True
normal_063,normal,normal_067,normal,8.688006184821948,True
normal_064,normal,normal_092,normal,9.104220246316881,True
normal_065,normal,normal_081,normal,8.167198219649794,True
normal_066,normal,normal_070,normal,8.272890867114297,True
normal_067,normal,normal_085,normal,3.4497808937248964,True
normal_068,normal,normal_091,normal,3.5198647062282062,True
normal_069,normal,normal_086,normal,3.611751704997055,True
normal_070,normal,normal_091,normal,3.2802235639424806,True
normal_071,normal,normal_075,normal,3.4400178379532798,True
normal_072,normal,normal_082,normal,3.6071909769532517,True
normal_073,normal,normal_081,normal,3.4496917315003484,True
normal_074,normal,normal_076,normal,3.4663795101233164,True
normal_075,normal,normal_096,normal,3.358795416031412,True
normal_076,normal,normal_074,normal,3.4663795101233164,True
normal_077,normal,normal_085,normal,3.677881096485527,True
normal_078,normal,normal_075,normal,3.402313699189515,True
normal_079,normal,normal_096,normal,3.647253904701681,True
normal_080,normal,normal_085,normal,3.499786035028739,True
normal_081,normal,normal_091,normal,3.295059116817138,True
normal_082,normal,normal_091,normal,3.38088737624166,True
normal_083,normal,normal_085,normal,3.6945518597382647,True
normal_084,normal,normal_089,normal,3.4878650542355527,True
normal_085,normal,normal_089,normal,3.411605315822787,True
normal_086,normal,normal_075,normal,3.392387574529487,True
normal_087,normal,normal_081,normal,3.4141580560230866,True
normal_088,normal,normal_070,normal,3.3335836765564775,True
normal_089,normal,normal_075,normal,3.3600999224078203,True
normal_090,normal,normal_085,normal,3.4943448888777224,True
normal_091,normal,normal_070,normal,3.2802235639424806,True
normal_092,normal,normal_075,normal,3.40827373849259,True
normal_093,normal,normal_080,normal,3.544840544931647,True
normal_094,normal,normal_075,normal,3.3690410668537996,True
normal_095,normal,normal_091,normal,3.44691418399925,True
normal_096,normal,normal_075,normal,3.358795416031412,True
normal_097,normal,normal_091,normal,3.46002784021585,True
normal_098,normal,normal_081,normal,3.5781657787661,True
normal_099,normal,normal_081,normal,3.556565418763131,True
notch_000,notch,notch_096,notch,31.551751476146535,True
notch_001,notch,notch_059,notch,32.8701137450864,True
notch_002,notch,notch_091,notch,34.866055324720335,True
notch_003,notch,notch_067,notch,30.780180363554088,True
notch_004,notch,notch_071,notch,29.373750255796303,True
notch_005,notch,notch_046,notch,30.535728955769006,True
notch_006,notch,notch_089,notch,28.07736067503546,True
notch_007,notch,normal_071,normal,29.413315825644727,False
notch_008,notch,notch_099,notch,29.462034282110874,True
notch_009,notch,normal_065,normal,29.47446173115013,False
notch_010,notch,notch_046,notch,30.948187419106336,True
notch_011,notch,normal_082,normal,26.892413217608222,False
notch_012,notch,notch_068,notch,30.417734984881537,True
notch_013,notch,notch_071,notch,32.00986737889124,True
notch_014,notch,notch_081,notch,38.76081517650604,True
notch_015,notch,notch_085,notch,31.441218630342536,True
notch_016,notch,notch_070,notch,31.483056499185356,True
notch_017,notch,normal_072,normal,30.835483331873796,False
notch_018,notch,notch_062,notch,28.67743271260105,True
notch_019,notch,notch_086,notch,27.172526129045675,True
notch_020,notch,notch_073,notch,30.67169098168206,True
notch_021,notch,normal_062,normal,28.54617591909734,False
notch_022,notch,notch_054,notch,28.123939847111963,True
notch_023,notch,normal_095,normal,26.79262881833867,False
notch_024,notch,notch_090,notch,29.433698933755952,True
notch_025,notch,notch_059,notch,31.87387026988642,True
notch_026,notch,notch_095,notch,26.7715892743341,True
notch_027,notch,notch_096,notch,31.216909802475815,True
notch_028,notch,notch_092,notch,31.478488561647882,True
notch_029,notch,notch_081,notch,26.461846469504017,True
notch_030,notch,notch_078,notch,27.95910689218723,True
notch_031,notch,notch_058,notch,35.100982886332126,True
notch_032,notch,notch_054,notch,30.311506293760324,True
notch_033,notch,notch_099,notch,31.70857260919186,True
notch_034,notch,normal_083,normal,10.325938911932182,False
notch_035,notch,notch_063,notch,23.463567198962252,True
notch_036,notch,notch_063,notch,25.624247228608326,True
notch_037,notch,notch_067,notch,18.920886182122512,True
notch_038,notch,notch_071,notch,19.29534110920499,True
notch_039,notch,notch_065,notch,14.499141970045837,True
notch_040,notch,notch_061,notch,14.037961546034534,True
notch_041,notch,notch_080,notch,27.596993095646123,True
notch_042,notch,notch_096,notch,12.525135363255268,True
notch_043,notch,notch_073,notch,22.488039602419867,True
notch_044,notch,notch_062,notch,16.47279691644924,True
notch_045,notch,notch_087,notch,14.080802060855769,True
notch_046,notch,normal_098,normal,17.928029262509902,False
notch_047,notch,notch_043,notch,24.42248177249097,True
notch_048,notch,notch_095,notch,19.29290276910144,True
notch_049,notch,notch_098,notch,16.80444595871839,True
notch_050,notch,notch_079,notch,19.522483351341027,True
notch_051,notch,notch_040,notch,16.596345651811447,True
notch_052,notch,notch_069,notch,14.790200713519571,True
notch_053,notch,notch_045,notch,15.791582708305913,True
notch_054,notch,notch_078,notch,16.00192128453862,True
notch_055,notch,notch_096,notch,23.55990737501216,True
notch_056,notch,notch_083,notch,16.825620275276524,True
notch_057,notch,notch_046,notch,18.41794331725384,True
notch_058,notch,notch_044,notch,20.50228270067789,True
notch_059,notch,notch_098,notch,17.93262043193823,True
notch_060,notch,notch_091,notch,19.762419131539232,True
notch_061,notch,normal_092,normal,11.074368620647702,False
notch_062,notch,notch_044,notch,16.47279691644924,True
notch_063,notch,notch_035,notch,23.463567198962252,True
notch_064,notch,notch_087,notch,18.070865509541996,True
notch_065,notch,normal_085,normal,11.188488800865846,False
notch_066,notch,notch_090,notch,23.191329776444377,True
notch_067,notch,notch_086,notch,13.840687992225218,True
notch_068,notch,notch_070,notch,15.396283409722606,True
notch_069,notch,notch_074,notch,12.365337460642547,True
notch_070,notch,normal_081,normal,14.058045491830889,False
notch_071,notch,normal_089,normal,17.99946949780743,False
notch_072,notch,notch_087,notch,16.55149203331033,True
notch_073,notch,notch_092,notch,21.226486908533985,True
notch_074,notch,notch_069,notch,12.365337460642547,True
notch_075,notch,notch_090,notch,14.505558328720689,True
notch_076,notch,notch_074,notch,13.869173712143864,True
notch_077,notch,notch_081,notch,17.88972332290336,True
notch_078,notch,notch_079,notch,15.107746596308306,True
notch_079,notch,notch_078,notch,15.107746596308306,True
notch_080,notch,notch_077,notch,22.395557691473517,True
notch_081,notch,notch_088,notch,11.68557983880432,True
notch_082,notch,notch_052,notch,17.093586475423997,True
notch_083,notch,notch_089,notch,14.045947695665516,True
notch_084,notch,notch_088,notch,20.647448829523796,True
notch_085,notch,notch_099,notch,8.43418558515206,True
notch_086,notch,normal_080,normal,12.841036947785971,False
notch_087,notch,normal_091,normal,13.976530702262917,False
notch_088,notch,normal_082,normal,9.540098380631663,False
notch_089,notch,notch_083,notch,14.045947695665516,True
notch_090,notch,notch_075,notch,14.505558328720689,True
notch_091,notch,normal_081,normal,17.265558362717705,False
notch_092,notch,notch_073,notch,21.226486908533985,True
notch_093,notch,notch_049,notch,18.931461378497318,True
notch_094,notch,notch_075,notch,18.303798250401414,True
notch_095,notch,normal_088,normal,17.19643112755428,False
notch_096,notch,notch_042,notch,12.525135363255268,True
notch_097,notch,notch_076,notch,18.020345019885884,True
notch_098,notch,notch_061,notch,16.414506802479764,True
notch_099,notch,notch_085,notch,8.43418558515206,True
sag_000,sag,sag_080,sag,30.099563140772368,True
sag_001,sag,sag_059,sag,29.40492243598642,True
sag_002,sag,sag_079,sag,36.13196590180062,True
sag_003,sag,sag_073,sag,27.050797082984353,True
sag_004,sag,sag_085,sag,28.41513820284715,True
sag_005,sag,sag_081,sag,29.40637535921386,True
sag_006,sag,sag_078,sag,26.085129104899092,True
sag_007,sag,sag_058,sag,27.1685973323241,True
sag_008,sag,sag_084,sag,29.01553746413623,True
sag_009,sag,sag_047,sag,27.420534848015205,True
sag_010,sag,sag_067,sag,26.70105377403442,True
sag_011,sag,sag_035,sag,26.758236063357366,True
sag_012,sag,sag_098,sag,28.83731013916388,True
sag_013,sag,sag_091,sag,27.652735561598256,True
sag_014,sag,sag_098,sag,28.030609225148112,True
sag_015,sag,sag_061,sag,28.188770111630674,True
sag_016,sag,sag_045,sag,29.566764783772047,True
sag_017,sag,sag_092,sag,26.90435230974519,True
sag_018,sag,sag_093,sag,24.975761386229046,True
sag_019,sag,sag_086,sag,29.693468646170302,True
sag_020,sag,sag_082,sag,25.693025988190303,True
sag_021,sag,sag_068,sag,27.43148066802541,True
sag_022,sag,sag_087,sag,25.912283908999513,True
sag_023,sag,sag_094,sag,29.84946250626891,True
sag_024,sag,sag_079,sag,31.266165498954056,True
sag_025,sag,sag_059,sag,29.388521847351278,True
sag_026,sag,sag_095,sag,26.50310765932581,True
sag_027,sag,sag_080,sag,28.886706201771844,True
sag_028,sag,sag_082,sag,24.705136849354105,True
sag_029,sag,sag_091,sag,26.380441073272397,True
sag_030,sag,sag_061,sag,27.515907055257568,True
sag_031,sag,sag_068,sag,25.173294820626293,True
sag_032,sag,sag_045,sag,29.70615833610431,True
sag_033,sag,sag_051,sag,28.18756412531162,True
sag_034,sag,sag_085,sag,9.718516855933302,True
sag_035,sag,sag_069,sag,14.51798371075662,True
sag_036,sag,sag_070,sag,12.321759789778886,True
sag_037,sag,sag_089,sag,8.944490011521431,True
sag_038,sag,sag_083,sag,11.060138326373755,True
sag_039,sag,sag_069,sag,12.963098430031247,True
sag_040,sag,sag_086,sag,15.662492342201261,True
sag_041,sag,sag_068,sag,9.373185911243496,True
sag_042,sag,sag_074,sag,9.029150981053176,True
sag_043,sag,sag_098,sag,9.487595482343977,True
sag_044,sag,sag_095,sag,9.952111942574815,True
sag_045,sag,sag_085,sag,15.278245023279931,True
sag_046,sag,sag_098,sag,12.319280771093878,True
sag_047,sag,sag_080,sag,14.890783079153357,True
sag_048,sag,sag_076,sag,10.353390212359338,True
sag_049,sag,sag_090,sag,9.089898713226349,True
sag_050,sag,sag_090,sag,15.422259596698431,True
sag_051,sag,sag_073,sag,9.899274493112111,True
sag_052,sag,sag_087,sag,9.611477317280219,True
sag_053,sag,sag_077,sag,10.3497382388927,True
sag_054,sag,sag_066,sag,11.66433692445017,True
sag_055,sag,sag_089,sag,9.695256834446324,True
sag_056,sag,sag_087,sag,8.622926747508304,True
sag_057,sag,sag_099,sag,8.995981325433865,True
sag_058,sag,sag_064,sag,11.464832291127488,True
sag_059,sag,sag_075,sag,12.60430702991283,True
sag_060,sag,sag_091,sag,8.955521285958516,True
sag_061,sag,sag_079,sag,9.71503870468589,True
sag_062,sag,sag_094,sag,11.633241324212134,True
sag_063,sag,sag_040,sag,17.24906728637656,True
sag_064,sag,sag_058,sag,11.464832291127488,True
sag_065,sag,sag_082,sag,9.231150687192395,True
sag_066,sag,sag_069,sag,11.462259567916112,True
sag_067,sag,sag_072,sag,7.939306068264291,True
sag_068,sag,sag_041,sag,9.373185911243496,True
sag_069,sag,sag_066,sag,11.462259567916112,True
sag_070,sag,sag_091,sag,6.605679202079149,True
sag_071,sag,sag_083,sag,4.980776987636326,True
sag_072,sag,sag_067,sag,7.939306068264291,True
sag_073,sag,sag_084,sag,6.652291033328626,True
sag_074,sag,sag_084,sag,5.855383405002142,True
sag_075,sag,sag_059,sag,12.60430702991283,True
sag_076,sag,sag_071,sag,6.145634628448082,True
sag_077,sag,sag_068,sag,9.422223854917116,True
sag_078,sag,sag_088,sag,4.789999052644087,True
sag_079,sag,sag_061,sag,9.71503870468589,True
sag_080,sag,sag_098,sag,11.553373240361195,True
sag_081,sag,sag_097,sag,8.722502927035753,True
sag_082,sag,sag_092,sag,8.12801681330076,True
sag_083,sag,sag_096,sag,3.8975000729443328,True
sag_084,sag,sag_074,sag,5.855383405002142,True
sag_085,sag,sag_034,sag,9.718516855933302,True
sag_086,sag,sag_040,sag,15.662492342201261,True
sag_087,sag,sag_089,sag,4.530259555351615,True
sag_088,sag,sag_078,sag,4.789999052644087,True
sag_089,sag,sag_099,sag,4.321017390428398,True
sag_090,sag,sag_049,sag,9.089898713226349,True
sag_091,sag,sag_070,sag,6.605679202079149,True
sag_092,sag,sag_082,sag,8.12801681330076,True
sag_093,sag,sag_099,sag,11.162787621989493,True
sag_094,sag,sag_062,sag,11.633241324212134,True
sag_095,sag,sag_088,sag,9.123257050489313,True
sag_096,sag,sag_083,sag,3.8975000729443328,True
sag_097,sag,sag_081,sag,8.722502927035753,True
sag_098,sag,sag_043,sag,9.487595482343977,True
sag_099,sag,sag_089,sag,4.321017390428398,True
spike_000,spike,spike_074,spike,24.564465501817644,True
spike_001,spike,spike_074,spike,26.25114743448891,True
spike_002,spike,spike_052,spike,27.35425417233922,True
spike_003,spike,spike_069,spike,27.148829777481062,True
spike_004,spike,spike_063,spike,28.543452417012162,True
spike_005,spike,spike_092,spike,25.804571706364914,True
spike_006,spike,spike_097,spike,26.307656450690786,True
spike_007,spike,spike_093,spike,26.815914901384215,True
spike_008,spike,spike_084,spike,26.69340318928594,True
spike_009,spike,spike_098,spike,25.449755642797562,True
spike_010,spike,spike_048,spike,25.63723169723708,True
spike_011,spike,spike_098,spike,25.04858962494369,True
spike_012,spike,spike_086,spike,27.217507830502317,True
spike_013,spike,spike_090,spike,25.923873930475267,True
spike_014,spike,spike_076,spike,27.853659064716364,True
spike_015,spike,spike_048,spike,27.20677128620141,True
spike_016,spike,spike_048,spike,27.816256188275773,True
spike_017,spike,spike_071,spike,27.73071062565615,True
spike_018,spike,spike_082,spike,27.094539824499638,True
spike_019,spike,spike_038,spike,25.701899733891103,True
spike_020,spike,spike_083,spike,25.54410606987471,True
spike_021,spike,spike_044,spike,28.576675774623087,True
spike_022,spike,spike_057,spike,27.151578759064325,True
spike_023,spike,spike_086,spike,29.32061780629239,True
spike_024,spike,spike_069,spike,26.597530835732645,True
spike_025,spike,spike_072,spike,25.517190501642286,True
spike_026,spike,spike_091,spike,27.852872960060395,True
spike_027,spike,spike_095,spike,26.244941802595736,True
spike_028,spike,spike_095,spike,27.00727154313791,True
spike_029,spike,spike_078,spike,26.808336108373506,True
spike_030,spike,spike_088,spike,26.967472768492037,True
spike_031,spike,spike_069,spike,26.227355028984153,True
spike_032,spike,spike_054,spike,25.722612222600592,True
spike_033,spike,spike_082,spike,25.267980671362402,True
spike_034,spike,spike_096,spike,9.649953009785927,True
spike_035,spike,spike_098,spike,8.684086667329389,True
spike_036,spike,spike_084,spike,9.066833743714678,True
spike_037,spike,spike_077,spike,11.636954871290943,True
spike_038,spike,spike_074,spike,8.655149636653052,True
spike_039,spike,spike_083,spike,10.472635813508589,True
spike_040,spike,spike_089,spike,8.462027255847094,True
spike_041,spike,spike_074,spike,8.881038650568982,True
spike_042,spike,spike_085,spike,10.58197809903788,True
spike_043,spike,spike_073,spike,8.570571429919198,True
spike_044,spike,spike_049,spike,12.788828380421899,True
spike_045,spike,spike_097,spike,9.32942781867397,True
spike_046,spike,spike_083,spike,8.760318577131715,True
spike_047,spike,spike_097,spike,9.426415673400783,True
spike_048,spike,spike_063,spike,11.549468730234405,True
spike_049,spike,spike_053,spike,12.084779430320799,True
spike_050,spike,spike_092,spike,8.898239285753869,True
spike_051,spike,spike_067,spike,9.295055620428867,True
spike_052,spike,spike_089,spike,9.08996605812034,True
spike_053,spike,spike_049,spike,12.084779430320799,True
spike_054,spike,spike_048,spike,13.944519198486473,True
spike_055,spike,spike_072,spike,8.595195272824824,True
spike_056,spike,spike_093,spike,12.591963845951968,True
spike_057,spike,spike_085,spike,14.107534008349957,True
spike_058,spike,spike_091,spike,9.705783489270994,True
spike_059,spike,spike_067,spike,8.668436355377711,True
spike_060,spike,spike_099,spike,11.629245034557623,True
spike_061,spike,spike_066,spike,11.91589327618677,True
spike_062,spike,spike_093,spike,8.118615529485744,True
spike_063,spike,spike_048,spike,11.549468730234405,True
spike_064,spike,spike_088,spike,11.486567528791365,True
spike_065,spike,spike_097,spike,10.434579065440321,True
spike_066,spike,spike_061,spike,11.91589327618677,True
spike_067,spike,spike_096,spike,7.06474217483938,True
spike_068,spike,spike_080,spike,3.8042206833304877,True
spike_069,spike,spike_091,spike,7.8166237784943,True
spike_070,spike,spike_078,spike,4.6572820469195015,True
spike_071,spike,spike_086,spike,3.9784705080083693,True
spike_072,spike,spike_055,spike,8.595195272824824,True
spike_073,spike,spike_090,spike,4.288100708789994,True
spike_074,spike,spike_099,spike,5.267037945331456,True
spike_075,spike,spike_090,spike,3.8532821429859445,True
spike_076,spike,spike_088,spike,4.5789620018573896,True
spike_077,spike,spike_037,spike,11.636954871290943,True
spike_078,spike,spike_070,spike,4.6572820469195015,True
spike_079,spike,spike_071,spike,6.9576557093415605,True
spike_080,spike,spike_068,spike,3.8042206833304877,True
spike_081,spike,spike_056,spike,14.32129960284686,True
spike_082,spike,spike_094,spike,9.347851545688066,True
spike_083,spike,spike_095,spike,7.135870908110119,True
spike_084,spike,spike_079,spike,7.06463836079775,True
spike_085,spike,spike_042,spike,10.58197809903788,True
spike_086,spike,spike_071,spike,3.9784705080083693,True
spike_087,spike,spike_073,spike,8.76423141243897,True
spike_088,spike,spike_076,spike,4.5789620018573896,True
spike_089,spike,spike_095,spike,7.263763403194572,True
spike_090,spike,spike_075,spike,3.8532821429859445,True
spike_091,spike,spike_069,spike,7.8166237784943,True
spike_092,spike,spike_098,spike,8.416300340963623,True
spike_093,spike,spike_062,spike,8.118615529485744,True
spike_094,spike,spike_082,spike,9.347851545688066,True
spike_095,spike,spike_083,spike,7.135870908110119,True
spike_096,spike,spike_067,spike,7.06474217483938,True
spike_097,spike,spike_045,spike,9.32942781867397,True
spike_098,spike,spike_092,spike,8.416300340963623,True
spike_099,spike,spike_074,spike,5.267037945331456,True
swell_000,swell,swell_084,swell,28.658332169290727,True
swell_001,swell,swell_099,swell,25.23455929632148,True
swell_002,swell,swell_058,swell,29.199552904555887,True
swell_003,swell,swell_087,swell,28.213390953650894,True
swell_004,swell,swell_079,swell,28.412500877936896,True
swell_005,swell,swell_096,swell,29.120080760704735,True
swell_006,swell,swell_072,swell,26.751740542267452,True
swell_007,swell,swell_041,swell,29.944478758350602,True
swell_008,swell,swell_091,swell,32.28379008740893,True
swell_009,swell,swell_087,swell,25.219719039535747,True
swell_010,swell,swell_072,swell,27.353858538726843,True
swell_011,swell,swell_099,swell,26.153856863056596,True
swell_012,swell,swell_084,swell,28.097635629291677,True
swell_013,swell,swell_088,swell,27.50718708432226,True
swell_014,swell,swell_091,swell,31.700170461480344,True
swell_015,swell,swell_052,swell,26.69419722641533,True
swell_016,swell,swell_072,swell,25.35843094495546,True
swell_017,swell,swell_087,swell,28.709061170534962,True
swell_018,swell,swell_097,swell,26.212732044060502,True
swell_019,swell,swell_088,swell,26.16978969262656,True
swell_020,swell,swell_099,swell,28.074459928896108,True
swell_021,swell,swell_067,swell,26.492779437918294,True
swell_022,swell,swell_044,swell,27.612054170679226,True
swell_023,swell,swell_074,swell,27.3066370219849,True
swell_024,swell,swell_097,swell,27.907620825732486,True
swell_025,swell,swell_082,swell,29.937749025443974,True
swell_026,swell,swell_098,swell,23.987373126739932,True
swell_027,swell,swell_069,swell,23.92747685911341,True
swell_028,swell,swell_082,swell,25.11820890539956,True
swell_029,swell,swell_044,swell,27.67297531861834,True
swell_030,swell,swell_039,swell,31.205055529383152,True
swell_031,swell,swell_089,swell,28.466903484475694,True
swell_032,swell,swell_044,swell,29.423493185240325,True
swell_033,swell,swell_074,swell,26.68503740478784,True
swell_034,swell,swell_097,swell,8.445400808922475,True
swell_035,swell,swell_067,swell,13.490775706501383,True
swell_036,swell,swell_068,swell,13.130607443263862,True
swell_037,swell,swell_071,swell,9.387987087829604,True
swell_038,swell,swell_098,swell,11.681028318989714,True
swell_039,swell,swell_083,swell,20.758561290562632,True
swell_040,swell,swell_044,swell,13.424920076847094,True
swell_041,swell,swell_087,swell,11.360958384819813,True
swell_042,swell,swell_074,swell,9.734963972280188,True
swell_043,swell,swell_080,swell,9.063479359811714,True
swell_044,swell,swell_040,swell,13.424920076847094,True
swell_045,swell,swell_048,swell,11.784479284499524,True
swell_046,swell,swell_093,swell,9.567954245676518,True
swell_047,swell,swell_096,swell,15.263753723125776,True
swell_048,swell,swell_045,swell,11.784479284499524,True
swell_049,swell,swell_074,swell,10.797546126705642,True
swell_050,swell,swell_093,swell,10.225902925726318,True
swell_051,swell,swell_076,swell,9.401408278568306,True
swell_052,swell,swell_079,swell,13.361910572818836,True
swell_053,swell,swell_098,swell,9.575854651624768,True
swell_054,swell,swell_088,swell,9.811339652931839,True
swell_055,swell,swell_078,swell,8.686880095445442,True
swell_056,swell,swell_079,swell,9.855944274305186,True
swell_057,swell,swell_049,swell,13.355295836298392,True
swell_058,swell,swell_089,swell,8.811611010269303,True
swell_059,swell,swell_099,swell,9.823575630230108,True
swell_060,swell,swell_098,swell,11.71031911141883,True
swell_061,swell,swell_089,swell,10.31395969963207,True
swell_062,swell,swell_089,swell,9.534678763155739,True
swell_063,swell,swell_080,swell,10.17682032788847,True
swell_064,swell,swell_097,swell,11.7921614993121,True
swell_065,swell,swell_067,swell,10.133648632361847,True
swell_066,swell,swell_087,swell,12.793849666118211,True
swell_067,swell,swell_080,swell,7.844990326899332,True
swell_068,swell,swell_096,swell,7.6597241921446875,True
swell_069,swell,swell_085,swell,5.020849805469748,True
swell_070,swell,swell_095,swell,8.857367696787254,True
swell_071,swell,swell_085,swell,5.99589903675726,True
swell_072,swell,swell_076,swell,6.774083284208349,True
swell_073,swell,swell_094,swell,8.503328281489221,True
swell_074,swell,swell_092,swell,7.366454923590277,True
swell_075,swell,swell_081,swell,17.369228912012595,True
swell_076,swell,swell_072,swell,6.774083284208349,True
swell_077,swell,swell_069,swell,8.551439459781534,True
swell_078,swell,swell_088,swell,6.416030380634492,True
swell_079,swell,swell_099,swell,7.324331406719052,True
swell_080,swell,swell_067,swell,7.844990326899332,True
swell_081,swell,swell_094,swell,12.349214833124996,True
swell_082,swell,swell_084,swell,15.854830884986777,True
swell_083,swell,swell_079,swell,8.39395487739051,True
swell_084,swell,swell_081,swell,13.94133569305995,True
swell_085,swell,swell_069,swell,5.020849805469748,True
swell_086,swell,swell_092,swell,9.373769589636696,True
swell_087,swell,swell_041,swell,11.360958384819813,True
swell_088,swell,swell_085,swell,5.690687979235716,True
swell_089,swell,swell_071,swell,6.979623112773758,True
swell_090,swell,swell_069,swell,5.503337288391621,True
swell_091,swell,swell_014,swell,31.700170461480344,True
swell_092,swell,swell_074,swell,7.366454923590277,True
swell_093,swell,swell_046,swell,9.567954245676518,True
swell_094,swell,swell_073,swell,8.503328281489221,True
swell_095,swell,swell_070,swell,8.857367696787254,True
swell_096,swell,swell_068,swell,7.6597241921446875,True
swell_097,swell,swell_034,swell,8.445400808922475,True
swell_098,swell,swell_080,swell,7.862653573067717,True
swell_099,swell,swell_079,swell,7.324331406719052,True
